KEYID,COMPANY_NAME,COUNTRY,ENTITY_TYPE,WEBSITE,ID_Company,DUNS_NUMBER,PARTY_NAME,PARTY_COUNTRY,TOTAL_OPENINGS
d3934fd27a72379c94e0c1f17a3e4d65,"AAON, Inc.",USA,Parent,www.aaon.com,HH2026194118642,194118642,"AAON, Inc.",USA,300+
bd8869f411f9efdbf3f7a9557d353e1c,ACCENTURE DO BRASIL LTDA,Brazil,,www.accenture.com,HH2026985015354,901217174,ACCENTURE DO BRASIL LTDA,Brazil,1000+
e19539f8ed56efd269bc420234a51e9d,Alabama Dept of Senior Services,USA,Subsidiary,www.alabamaageline.gov,HH2026004027553,1746440,Alabama Dept of Senior Services,USA,2000+
37782c615c31f2948adc55839d42f69a,City of Nezperce,USA,Parent,www.cityofnezperce.gov,HH2026601575983,601575983,City of Nezperce,USA,2000+
433672129aeb04ab67b36627ec985e51,Deekeling Arndt Advisors in Communications GmbH,Germany,Subsidiary,www.deekeling-arndt.h-advisors.global,HH2026965658670,313889925,Deekeling Arndt Advisors in Communications GmbH,Germany,2000+
d066a6993f939b75ea92a7503c1cd306,EUROFINS NM LABORATORY SDN. BHD.,Malaysia,Subsidiary,www.eurofins.my,HH2026400870870,652481305,EUROFINS NM LABORATORY SDN. BHD.,Malaysia,2000+
b258b90c903d07362a4e2c64c008ff5c,Kyndryl Canada Limited,Canada,,www.kyndryl.com,HH2026118340633,208457863,Kyndryl Canada Limited,Canada,1000+
7f71c1f8e07596c3d8e07efbc86590cb,PJT Partners Inc.,USA,Parent,www.pjtpartners.com,HH2026079955461,79955461,PJT Partners Inc.,USA,50+
2c32e867e960ddd698731223c3de52cf,"Ryan, LLC",USA,Parent,www.ryan.com,HH2026788880441,788880441,"Ryan, LLC",USA,100+
ae8a238c23456b6ab19f9e80a504d484,"Strongbow Consulting Group, LLC",USA,Subsidiary,www.strongbowgroup.com,HH2026985015354,61127699,"Strongbow Consulting Group, LLC",USA,1000+
7dcbb039a78b2818713efa22284b7301,WESTERN DIGITAL (ARGENTINA) S.A.,Argentina,Subsidiary,www.westerndigital.com,HH2026051983567,979329760,WESTERN DIGITAL (ARGENTINA) S.A.,Argentina,300+
48369b4f01529313df24003c236bd656,Workiva Inc.,USA,Parent,www.workiva.com,HH2026023739054,23739054,Workiva Inc.,USA,100+
ffd58e0d7c98ba972cc86cfdbd4b3208,1&1 Versatel Deutschland Gmbh,Germany,Subsidiary,,HH2026498165406,537335176,1&1 Versatel Deutschland GmbH,Germany,10
08e4915030122415ee803d183837fe96,"A.C.T. Lighting, Inc.",USA,Parent,,HH2026024479745,24479745,"A.C.T. Lighting, Inc.",USA,200+
7704a38f19f221a86773b91f9e6ff03f,Abbott GmbH,Germany,Subsidiary,,HH2026001307602,315786293,Abbott GmbH,Germany,2000+
0a2b75b732ae75312cf1aa202b226764,City of Boston,USA,Parent,,HH2026073812083,73812083,City of Boston,USA,2000+
70d28f7c69e9798652a563dfb03c044a,County of Douglas,USA,Parent,,HH2026084114388,84114388,County of Douglas,USA,2000+
20dab62fef2702820dba92c45e87393c,GROW QUIMICA E FARMACEUTICA LTDA.,Brazil,Subsidiary,,HH2026969643367,899912652,GROW QUIMICA E FARMACEUTICA LTDA.,Brazil,30+
044c5e71d9a378fe3e84c89857e91ff3,INSTITUTO BRASILEIRO DE GOVERNANCA CORPORATIVA,Brazil,Independent,,HH2026910411354,910411354,INSTITUTO BRASILEIRO DE GOVERNANCA CORPORATIVA,Brazil,10+
e372bedf212ebfc7ab63b8eafe4b6faa,MINISTRY OF ENERGY AND MINERAL DEVELOPMENT,Uganda,Subsidiary,,HH2026850547917,954546136,MINISTRY OF ENERGY AND MINERAL DEVELOPMENT,Uganda,2000+
68873fef829770be52943eff3486fd39,Merced County Office of Education,USA,Parent,,HH2026048463178,48463178,Merced County Office of Education,USA,2000+
6efc9ee1e748fcb44b5c3a9dba9f0ea2,Pfizer BH d.o.o. Sarajevo,Bosnia and Herzegovina,Subsidiary,,HH2026402167592,360185234,"""Pfizer BH"" d.o.o. Sarajevo",Bosnia and Herzegovina,500+
e21f3c15653745e4a06524d7d2cefc6b,ST ALBANS PRIMARY SCHOOL,Australia,Independent,,HH2026743888958,743888958,ST ALBANS PRIMARY SCHOOL,Australia,
c1bcc37bab831f927035e6cf7166a98b,STATE PHARMACEUTICALS CORPORATION OF SRI LANKA,Sri Lanka,Subsidiary,,HH2026659424043,659450522,STATE PHARMACEUTICALS CORPORATION OF SRI LANKA,Sri Lanka,30+
feea788ef7d9ef2619dec2db61818bad,SUNRISE HOSPITAL,India,Independent,,HH2026868295380,868295380,SUNRISE HOSPITAL,India,300+
e79176fbca0f0d011efba063d09fa811,SYSTEMA Systementwicklung Dipl.-Inf. Manfred Austen GmbH,Germany,Subsidiary,,HH2026985015354,313632432,SYSTEMA Systementwicklung Dipl.-Inf. Manfred Austen GmbH,Germany,1000+
5cb58c7e7fe35e4640f69fc9599e189a,Screen Actors Guild - American Federation of Television and Radio Artists,USA,Parent,,HH2026054759485,54759485,Screen Actors Guild - American Federation of Television and Radio Artists,USA,2000+
e12d1a3d777a1dcaaf6a43eb8aeaa3d0,South Carolina Office Of State Treasurer,USA,Subsidiary,,HH2026067006072,808515795,Department Of Administration-DTO,USA,2000+
23ce2049f729928d80756b7d00b69074,T S G - INFORMATICA LTDA,Brazil,Independent,,HH2026898347491,898347491,T S G - INFORMATICA LTDA,Brazil,20+
e7c1a8cd97e96ea3bf660506dcdea432,TECHNICAL UNIVERSITY OF CRETE,Greece,Independent,,HH2026363143437,363143437,TECHNICAL UNIVERSITY OF CRETE,Greece,2000+
